Defect_size,Defect_alignment,Defect_architecture,Modulus_avg,Modulus_stdDev
0.5,A,-,7647,8.90
0.5,A,+,4616,1.5
0.5,S,-,6100,3.2
0.5,S,+,6135,1.0
0.25,A,-,7276,1.20
0.25,A,+,6018,6.7
0.25,S,-,6762,2.2
0.25,S,+,7022,2.4
0.125,A,-,7723,6.50
0.125,A,+,6864,0.4
0.125,S,-,7169,4.3
0.125,S,+,7372,2.0
0.0625,A,-,7277,2.60
0.0625,A,+,7096,0.2
0.0625,S,-,7239,0.5
0.0625,S,+,7511,1.8
0.03125,A,-,7491,6.50
0.03125,A,+,7872,1.7
0.03125,S,-,7707,1.8
0.03125,S,+,7557,3.7